year,GroupedRows,ChildCountMean,lengthMean,flesch_kincaid_Mean,smog_Mean
0.0,1,0.0,6009.0,11.76453076,14.92929796
0.0,1,0.0,5931.0,13.36456109,15.6451
0.0,1,0.0,5782.0,13.36456109,15.6451
1.0,1,1.0,5642.0,12.63221636,
0.0,1,0.0,1605.0,9.793337784,
