year,GroupedRows,ChildCountMean,lengthMean,flesch_kincaid_Mean,smog_Mean
0.0,2,0.0,1572.0,14.07327762,
0.0,4,0.0,8139.5,13.71218014,14.06817629
0.16666666666666666,6,0.16666666666666666,6608.166667,13.14476304,14.23952311
0.14285714285714285,7,0.14285714285714285,4191.571429,13.30801249,14.41086994
0.25,8,0.25,5674.25,12.51718242,14.41086994
0.375,8,0.375,3995.375,12.46298461,15.15756279
0.4,10,0.4,4755.2,12.66143613,15.15756279
0.3333333333333333,6,0.3333333333333333,5393.666667,12.61094415,14.58795124
0.4,10,0.4,7128.2,13.01537126,14.47186696
