year,GroupedRows,ChildCountMean,lengthMean,flesch_kincaid_Mean,smog_Mean
0.0,2,0.0,2574.0,12.8569335,
0.5,2,0.5,5204.5,13.51329098,17.08348895
0.75,4,0.75,6867.25,13.06054987,15.85614553
1.0,4,1.0,8526.5,13.15604891,15.24247382
0.0,1,0.0,2574.0,12.8569335,
