year,GroupedRows,ChildCountMean,lengthMean,flesch_kincaid_Mean,smog_Mean
0.0,2,0.0,1805.0,,
0.0,2,0.0,1919.0,9.99132918,
0.0,2,0.0,2195.0,12.18292649,
0.0,2,0.0,2426.0,14.37452381,
0.0,2,0.0,7991.0,15.63321798,16.6881
0.0,1,0.0,7992.0,15.63321798,16.6881
