year,GroupedRows,ChildCountMean,lengthMean,flesch_kincaid_Mean,smog_Mean
1.0,2,1.0,12526.5,15.09154857,15.462111199999999
1.0,1,1.0,7597.0,16.62382748,16.3221224
