year,GroupedRows,ChildCountMean,lengthMean,flesch_kincaid_Mean,smog_Mean
2008,1,1.0,11236.0,13.13707576,16.19785254
2009,1,1.0,11236.0,13.13707576,16.19785254
2011,1,1.0,9673.0,12.17411059,14.55459255
2012,2,1.0,9673.0,12.17411059,14.55459255
2013,2,1.0,9673.0,12.17411059,14.55459255
