year,GroupedRows,ChildCountMean,lengthMean,flesch_kincaid_Mean,smog_Mean
1.0,1,1.0,7318.0,16.16526119,17.65640897
1.0,2,1.0,7318.0,16.16526119,17.65640897
1.0,2,1.0,4038.0,12.46742063,
0.5,2,0.5,5581.0,14.22431864,17.23854248
0.5,4,0.5,5740.0,14.17379695,17.00531249
0.6666666666666666,3,0.6666666666666666,5172.666667,13.60500484,17.00531249
1.0,1,1.0,4038.0,12.46742063,
