year,GroupedRows,ChildCountMean,lengthMean,flesch_kincaid_Mean,smog_Mean
0.0,2,0.0,940.5,20.39796296,
0.0,2,0.0,931.0,20.39796296,
0.0,1,0.0,931.0,20.39796296,
1.0,2,1.0,12107.5,14.75112567,15.57818935
1.0,2,1.0,12692.0,14.70121548,15.77480295
0.5,2,0.5,9697.0,14.70121548,15.77480295
0.0,2,0.0,6702.0,,
1.0,3,1.0,17797.0,15.65588727,17.80503463
