year,GroupedRows,ChildCountMean,lengthMean,flesch_kincaid_Mean,smog_Mean
2010,2,0.0,1654.5,11.62865591,
2011,2,0.0,1665.0,11.62865591,
2012,2,0.0,1654.5,11.62865591,
2013,2,0.0,1644.0,11.62865591,
2014,2,0.0,1644.0,11.62865591,
2015,2,0.0,1644.0,11.62865591,
2016,2,0.0,1634.5,11.62865591,
2017,2,0.0,1644.0,11.62865591,
2018,2,0.0,1644.0,11.62865591,
2019,1,0.0,1644.0,11.62865591,
