year,GroupedRows,ChildCountMean,lengthMean,flesch_kincaid_Mean,smog_Mean
2013,2,0.0,2078.0,10.2122115,
2014,2,0.0,2078.0,10.2122115,
2015,2,0.0,2078.0,10.2122115,
2016,3,0.6666666666666666,4324.666667,10.85176891,12.96874232
2017,2,0.5,3763.0,10.69187956,12.96874232
