year,GroupedRows,ChildCountMean,lengthMean,flesch_kincaid_Mean,smog_Mean
2010,1,0.0,5341.0,16.14120901,18.56409048
2011,2,0.0,5865.0,16.56924818,19.0156027
2012,2,0.5,9265.5,15.1587307,16.99545275
2013,2,1.0,12650.0,13.74821321,14.97530281
2014,2,1.0,12634.0,13.74821321,14.97530281
2015,4,1.0,10877.0,12.78234786,14.18838075
2016,4,1.0,10877.0,12.78234786,14.18838075
2017,4,0.75,8946.5,12.54192296,14.25647127
2019,1,1.0,16109.0,13.31869987,14.55459255
