year,GroupedRows,ChildCountMean,lengthMean,flesch_kincaid_Mean,smog_Mean
2016,1,1.0,20343.0,15.06151827,16.07238961
2017,2,1.0,20945.5,15.18596378,15.88043638
