year,GroupedRows,ChildCountMean,lengthMean,flesch_kincaid_Mean,smog_Mean,Exact Match?,CategoriesSearched
2000,3,7.666666666666667,8416.0,10.926220183333333,13.638608656666667,True,chatandmessaging
2001,2,3.0,6191.5,9.31631236,11.83305943,True,chatandmessaging
2002,7,12.142857142857142,17780.0,10.499571337142857,11.665472452857143,True,chatandmessaging
2003,4,2.75,6842.5,11.234983865,13.100445005,True,chatandmessaging
2004,7,6.857142857142857,9207.0,8.31013284,9.513475555714285,True,chatandmessaging
2005,6,7.333333333333333,9126.333333333334,7.55915779,8.72384081,True,chatandmessaging
2006,6,7.666666666666667,10268.333333333334,8.517305765,9.501805153333333,True,chatandmessaging
2007,7,4.571428571428571,7708.714285714285,9.60356170857143,7.54541852,True,chatandmessaging
2008,10,7.7,8817.0,6.572727328000001,5.273248327,True,chatandmessaging
2009,11,7.636363636363637,9979.0,10.915104081818182,10.762444663636362,True,chatandmessaging
2010,9,7.555555555555555,8261.111111111111,10.829230826666667,10.20042995,True,chatandmessaging
2011,14,5.571428571428571,10495.42857142857,11.69176302857143,12.012494299999998,True,chatandmessaging
2012,10,3.4,17084.5,11.59587582,12.362663130000001,True,chatandmessaging
2013,9,6.333333333333333,13101.777777777777,12.201667455555556,12.809728955555554,True,chatandmessaging
2014,13,3.5384615384615383,12935.0,12.29812213076923,10.031752530769232,True,chatandmessaging
2015,19,4.157894736842105,14241.263157894737,12.625692994736843,11.580184257894738,True,chatandmessaging
2016,18,3.5555555555555554,9532.611111111111,12.310192183333335,7.967453422222222,True,chatandmessaging
2017,19,3.0526315789473686,6653.315789473684,12.239650121052632,7.113265747368421,True,chatandmessaging
2018,11,4.090909090909091,13852.272727272728,13.232717718181817,13.871145918181817,True,chatandmessaging
2019,13,6.0,30619.615384615383,13.416961576923077,13.0618553,True,chatandmessaging
