year,GroupedRows,ChildCountMean,lengthMean,flesch_kincaid_Mean,smog_Mean
2006,2,0.0,12649.0,13.45037037,16.28082958
2007,2,0.0,12649.0,13.45037037,16.28082958
2008,2,0.0,12649.0,13.45037037,16.28082958
2009,2,0.0,12649.0,13.45037037,16.28082958
2010,2,0.0,12635.0,13.45708426,16.28082958
2011,1,0.0,12621.0,13.46379814,16.28082958
2012,1,0.0,12621.0,13.46379814,16.28082958
2016,1,1.0,6515.0,18.26766802,0.0
2017,1,1.0,6515.0,18.26766802,0.0
