year,GroupedRows,ChildCountMean,lengthMean,flesch_kincaid_Mean,smog_Mean
2010,2,1.0,6399.0,13.46005128,14.21634208
2011,2,1.0,6574.5,13.61344379,14.43287681
2012,2,1.0,6750.0,13.76683629,14.64941154
2013,2,1.0,6750.0,13.76683629,14.64941154
2014,2,1.0,6750.0,13.76683629,14.64941154
2016,1,1.0,6749.0,13.46005128,14.21634208
2017,1,1.0,6749.0,13.46005128,14.21634208
