year,GroupedRows,ChildCountMean,lengthMean,flesch_kincaid_Mean,smog_Mean
2008,2,0.0,2077.0,23.926719100000003,
2009,1,0.0,2077.0,23.926719100000003,
2010,3,0.0,5592.0,11.58707709,11.66642294
2011,6,0.16666666666666666,7649.666667,10.49403179,12.17412849
2012,5,0.0,8320.8,10.454122400000001,11.72989834
2013,4,0.0,7277.5,11.08688435,11.97924847
2014,4,0.0,9903.0,10.20268071,11.97924847
2018,2,0.0,7875.0,9.488012422,11.91757421
2019,3,0.0,7231.666667,9.157258051,12.57064431
