year,GroupedRows,ChildCountMean,lengthMean,flesch_kincaid_Mean,smog_Mean
2014,2,0.0,2310.0,9.926761905,
2015,3,0.0,2018.6666670000002,9.910962071,
2016,2,0.0,2310.0,9.926761905,
2017,2,0.0,2310.0,9.926761905,
2018,2,0.0,2310.0,9.926761905,
2019,3,0.0,2018.6666670000002,9.910962071,
