year,GroupedRows,ChildCountMean,lengthMean,flesch_kincaid_Mean,smog_Mean
2017,1,1.0,5611.0,10.99463475,13.07868587
2008,1,0.0,6349.0,12.65243902,14.45898005
