year,GroupedRows,ChildCountMean,lengthMean,flesch_kincaid_Mean,smog_Mean
0.0,3,0.0,6304.0,12.76103434,14.78715852
0.0,4,0.0,5846.0,12.59805926,14.69308638
0.0,2,0.0,7220.0,13.0869845,14.97530281
0.5,2,0.5,10957.0,12.26364939,14.76494768
