year,GroupedRows,ChildCountMean,lengthMean,flesch_kincaid_Mean,smog_Mean
1.0,2,1.0,22049.0,13.53362421,15.55787943
1.0,1,1.0,37790.0,15.30450088,16.36328637
