year,GroupedRows,ChildCountMean,lengthMean,flesch_kincaid_Mean,smog_Mean
2013,1,0.0,3045.0,13.20809091,0.0
2014,2,0.0,2976.0,12.18291176,0.0
2015,2,0.0,2946.5,12.22732449,0.0
2016,1,0.0,2946.0,12.16815547,0.0
2017,1,0.0,2203.0,15.30869464,0.0
