year,GroupedRows,ChildCountMean,lengthMean,flesch_kincaid_Mean,smog_Mean
1.0,1,1.0,14101.0,12.40082075,15.42588865
1.0,2,1.0,14101.0,12.40082075,15.42588865
