year,GroupedRows,ChildCountMean,lengthMean,flesch_kincaid_Mean,smog_Mean
0.0,1,0.0,2316.0,12.70317915,
0.0,2,0.0,2316.0,12.70317915,
0.0,1,0.0,2297.0,14.16041441,
0.0,2,0.0,2297.0,14.16041441,
1.0,1,1.0,43661.0,15.5658022,17.08348895
