year,GroupedRows,ChildCountMean,lengthMean,flesch_kincaid_Mean,smog_Mean
1.0,1,1.0,7085.0,13.09718013,15.29246565
1.0,2,1.0,13161.0,13.31619401,15.35917715
1.0,2,1.0,18872.5,13.63976485,15.31429327
1.0,2,1.0,19195.0,13.64561324,15.20269789
1.0,2,1.0,19183.5,13.62213896,15.18013034
1.0,2,1.0,19172.0,13.59866467,15.15756279
1.0,2,1.0,24404.5,12.94074244,15.17843928
1.0,2,1.0,25519.0,13.36408411,14.83674596
1.0,2,1.0,21317.0,16.50538001,16.6881
