year,GroupedRows,ChildCountMean,lengthMean,flesch_kincaid_Mean,smog_Mean
2006,2,1.0,11456.0,13.73780303,16.19785254
2007,1,1.0,11456.0,13.73780303,16.19785254
2008,1,1.0,11456.0,13.73780303,16.19785254
2011,1,1.0,9813.0,12.62731116,14.55459255
2012,2,1.0,9813.0,12.62731116,14.55459255
2013,1,1.0,9813.0,12.62731116,14.55459255
