year,GroupedRows,ChildCountMean,lengthMean,flesch_kincaid_Mean,smog_Mean
2015,2,1.0,10872.0,12.17743024,14.74345646
2016,2,1.0,10872.0,12.17743024,14.74345646
