year,GroupedRows,ChildCountMean,lengthMean,flesch_kincaid_Mean,smog_Mean
0.0,2,0.0,4814.0,10.94834029,13.2950065
0.0,1,0.0,4814.0,10.94834029,13.2950065
0.0,2,0.0,4791.0,10.91620243,13.2950065
0.0,1,0.0,4768.0,10.88406456,13.2950065
