year,GroupedRows,ChildCountMean,lengthMean,flesch_kincaid_Mean,smog_Mean
2011,2,0.0,8586.0,13.13329184,16.25724902
2014,2,0.0,7809.0,13.98884541,17.04445562
