year,GroupedRows,ChildCountMean,lengthMean,flesch_kincaid_Mean,smog_Mean
0.0,1,0.0,2742.0,13.52343919,
0.0,2,0.0,2697.0,13.41485023,
0.0,2,0.0,3047.0,13.21157895,
0.0,1,0.0,3047.0,13.21157895,
