year,GroupedRows,ChildCountMean,lengthMean,flesch_kincaid_Mean,smog_Mean
2018,1,0.0,7754.0,13.27144797,15.02112968
2019,2,0.0,7754.0,13.27144797,15.02112968
