year,GroupedRows,ChildCountMean,lengthMean,flesch_kincaid_Mean,smog_Mean
2013,1,1.0,9526.0,11.28079627,14.06817629
2014,4,0.5,5438.0,10.61484845,14.06817629
2015,2,0.5,5438.0,10.61484845,14.06817629
