year,GroupedRows,ChildCountMean,lengthMean,flesch_kincaid_Mean,smog_Mean
0.0,1,0.0,10941.0,13.41688124,15.24766489
0.0,2,0.0,10835.0,13.4259025,15.20269789
0.0,1,0.0,10835.0,13.4259025,15.20269789
0.0,2,0.0,10825.0,13.4259025,15.20269789
0.0,1,0.0,10825.0,13.4259025,15.20269789
