year,GroupedRows,ChildCountMean,lengthMean,flesch_kincaid_Mean,smog_Mean
1.0,2,1.0,8563.0,11.32404344,13.740024300000002
1.0,1,1.0,8522.0,11.3118164,13.714393900000001
0.0,2,0.0,2172.0,13.16922118,
0.0,1,0.0,2167.0,13.16922118,
