year,GroupedRows,ChildCountMean,lengthMean,flesch_kincaid_Mean,smog_Mean
2018,1,0.0,10838.0,15.31224762,18.20757608
2019,1,0.0,10838.0,15.31224762,18.20757608
