year,GroupedRows,ChildCountMean,lengthMean,flesch_kincaid_Mean,smog_Mean
0.0,2,0.0,5968.0,13.87379716,15.60156596
0.0,2,0.0,16462.0,16.23688221,16.6881
0.0,1,0.0,16462.0,16.23688221,16.6881
