year,GroupedRows,ChildCountMean,lengthMean,flesch_kincaid_Mean,smog_Mean
2014,1,0.0,6971.0,15.10433763,15.6451
2015,2,0.0,6971.0,15.10433763,15.6451
2016,1,1.0,9330.0,11.70405101,13.5591
2017,2,1.0,9382.5,11.67246822,13.73853795
