year,GroupedRows,ChildCountMean,lengthMean,flesch_kincaid_Mean,smog_Mean
0.0,1,0.0,1967.0,10.42806061,
0.0,2,0.0,1962.0,10.42806061,
0.0,2,0.0,1893.0,10.42806061,
0.0,1,0.0,1860.0,10.42806061,
0.0,2,0.0,1578.0,11.41356061,
0.0,1,0.0,1578.0,11.41356061,
0.0,1,0.0,1536.0,11.41356061,
