year,GroupedRows,ChildCountMean,lengthMean,flesch_kincaid_Mean,smog_Mean
1.0,1,1.0,7796.0,12.06547049,15.29246565
1.0,1,1.0,8052.0,12.22125968,15.29246565
1.0,2,1.0,8052.0,12.22125968,15.29246565
1.0,1,1.0,7983.0,11.64915374,15.11225768
1.0,2,1.0,7983.0,11.64915374,15.11225768
