year,GroupedRows,ChildCountMean,lengthMean,flesch_kincaid_Mean,smog_Mean
2018,2,1.0,14365.0,11.4662692,13.07868587
2019,1,1.0,21079.0,12.03828637,14.31402892
