year,GroupedRows,ChildCountMean,lengthMean,flesch_kincaid_Mean,smog_Mean
1.0,1,1.0,15632.0,13.34924091,14.83674596
0.0,1,0.0,8506.0,10.62006743,12.74508487
0.0,2,0.0,8506.0,10.62006743,12.74508487
0.0,3,0.0,12767.33333,12.38692388,13.61591474
0.0,4,0.0,17231.0,12.16166252,14.05800258
0.0,2,0.0,12433.0,11.260340699999999,14.31402892
0.0,4,0.0,13852.0,11.98233608,14.3651233
0.0,4,0.0,15636.0,12.80969777,14.70537735
0.0,7,0.0,2197.285714,11.38176925,13.76565471
0.0,4,0.0,1329.0,11.22016568,
