year,GroupedRows,ChildCountMean,lengthMean,flesch_kincaid_Mean,smog_Mean
2013,1,0.0,9656.0,12.27833409,15.02112968
2018,1,0.0,6129.0,12.54384294,15.20269789
