year,GroupedRows,ChildCountMean,lengthMean,flesch_kincaid_Mean,smog_Mean
2011,1,1.0,4301.0,11.44271215,13.714393900000001
2012,2,1.0,4301.0,11.44271215,13.714393900000001
2013,2,1.0,4301.0,11.44271215,13.714393900000001
2014,2,1.0,4301.0,11.44271215,13.714393900000001
2015,2,1.0,4301.0,11.44271215,13.714393900000001
2016,2,1.0,4301.0,11.44271215,13.714393900000001
2017,1,1.0,4301.0,11.44271215,13.714393900000001
2019,1,1.0,4301.0,11.44271215,13.714393900000001
