year,GroupedRows,ChildCountMean,lengthMean,flesch_kincaid_Mean,smog_Mean
1.0,1,1.0,10581.0,12.97695418,15.42588865
1.0,1,1.0,8672.0,13.13885208,15.98806761
1.0,2,1.0,8482.0,13.02763677,15.81774264
