year,GroupedRows,ChildCountMean,lengthMean,flesch_kincaid_Mean,smog_Mean
0.0,1,0.0,2409.0,11.70507246,
1.0,2,1.0,5729.0,12.9959824,14.36255379
1.0,1,1.0,5729.0,12.9959824,14.36255379
