year,GroupedRows,ChildCountMean,lengthMean,flesch_kincaid_Mean,smog_Mean
2009,1,0.0,6740.0,12.12287865,13.50681897
2010,2,0.0,6740.0,12.12287865,13.50681897
2011,2,0.0,6740.0,12.12287865,13.50681897
2012,2,0.0,4528.0,12.4130289,13.50681897
2013,2,0.0,2316.0,12.70317915,
2014,2,0.0,2297.0,14.16041441,
2015,2,0.0,2297.0,14.16041441,
2016,2,0.0,2297.0,14.16041441,
2017,2,0.0,2297.0,14.16041441,
2018,1,1.0,43613.0,15.55588854,17.08348895
2019,1,1.0,43613.0,15.55588854,17.08348895
