year,GroupedRows,ChildCountMean,lengthMean,flesch_kincaid_Mean,smog_Mean
0.0,2,0.0,6423.0,11.62488332,13.86744224
0.0,1,0.0,6444.0,11.37491089,13.86744224
0.0,2,0.0,6444.0,11.37491089,13.86744224
0.0,2,0.0,6900.0,11.18875344,12.96874232
0.0,2,0.0,8468.0,11.63617186,13.81666965
0.0,1,0.0,8468.0,11.63617186,13.81666965
