year,GroupedRows,ChildCountMean,lengthMean,flesch_kincaid_Mean,smog_Mean
2015,3,0.0,4227.333333,13.5956239,15.02112968
2016,3,0.0,4227.333333,13.5956239,15.02112968
