year,GroupedRows,ChildCountMean,lengthMean,flesch_kincaid_Mean,smog_Mean
0.0,2,0.0,3002.0,13.95009524,
0.0,2,0.0,4045.0,14.22126721,
0.0,2,0.0,3523.5,14.08568122,
0.0,2,0.0,3043.5,13.98146511,
0.0,2,0.0,3085.0,14.01283498,
0.0,2,0.0,3057.0,13.54620321,
0.0,2,0.0,3048.0,13.54620321,
0.0,2,0.0,3192.0,12.47546195,
0.0,3,0.0,3215.0,12.70258867,
0.0,4,0.0,3226.5,12.81615203,
0.0,5,0.0,3091.8,12.39299919,
0.0,4,0.0,2478.5,12.56697464,
