year,GroupedRows,ChildCountMean,lengthMean,flesch_kincaid_Mean,smog_Mean
0.0,2,0.0,1704.0,12.06242059,
0.0,1,0.0,1704.0,12.06242059,
0.0,4,0.0,3667.0,11.16964539,12.51592115
0.0,4,0.0,3694.0,11.31523195,12.5161
0.0,4,0.0,3691.0,11.32348706,12.5161
0.0,2,0.0,3690.5,11.32348706,12.5161
0.0,2,0.0,1905.0,12.67553922,
0.0,3,0.0,2447.333333,13.008878,
0.0,1,0.0,1905.0,12.67553922,
0.0,2,0.0,5540.5,11.92198251,13.24136018
0.5,4,0.5,3856.5,11.8757948,13.40145869
