year,GroupedRows,ChildCountMean,lengthMean,flesch_kincaid_Mean,smog_Mean
2007,1,0.0,3139.0,10.37789526,
2008,2,0.0,3139.0,10.37789526,
2009,1,0.0,3563.0,10.93691483,
2010,2,0.0,3554.5,10.93691483,
2011,2,0.0,3551.0,10.93691483,
2012,2,0.0,3551.0,10.93691483,
2013,2,0.0,3551.0,10.93691483,
2014,1,0.0,3551.0,10.93691483,
2016,2,0.5,4779.0,13.36807855,15.77480295
2017,2,1.0,6566.0,14.35292479,15.77480295
2019,1,1.0,6567.0,14.35292479,15.77480295
