year,GroupedRows,ChildCountMean,lengthMean,flesch_kincaid_Mean,smog_Mean
0.0,1,0.0,6653.0,11.29757879,13.96827395
0.0,1,0.0,6648.0,11.29757879,13.96827395
0.0,2,0.0,6218.0,10.91053347,13.76565471
0.0,1,0.0,6218.0,10.91053347,13.76565471
0.0,1,0.0,6195.0,10.97260477,13.81666965
0.0,2,0.0,6195.0,10.97260477,13.81666965
0.0,2,0.0,7139.0,11.09789911,13.50681897
