year,GroupedRows,ChildCountMean,lengthMean,flesch_kincaid_Mean,smog_Mean
2006,2,1.0,1976.0,12.56890625,
2007,2,1.0,1976.0,12.56890625,
2008,1,1.0,2253.0,12.51969697,
2012,1,1.0,15425.0,13.11979946,15.06678064
2014,1,1.0,19865.0,13.29230227,15.42588865
2015,2,1.0,21235.0,13.55063263,15.6451
2016,2,1.0,20232.0,14.04213206,15.6451
2017,2,1.0,24171.0,14.952060699999999,16.3514645
2018,1,1.0,47058.0,12.48385051,14.45898005
