year,GroupedRows,ChildCountMean,lengthMean,flesch_kincaid_Mean,smog_Mean
1.0,2,1.0,8808.0,12.91073957,14.2406017
1.0,1,1.0,8809.0,12.831919000000001,14.16717447
1.0,2,1.0,8809.0,12.831919000000001,14.16717447
