year,GroupedRows,ChildCountMean,lengthMean,flesch_kincaid_Mean,smog_Mean
1.0,1,1.0,7863.0,16.81353011,17.39191049
1.0,2,1.0,7658.0,17.26954481,17.31543374
1.0,1,1.0,7658.0,17.26954481,17.31543374
0.0,1,0.0,6807.0,12.29324562,14.01833969
