year,GroupedRows,ChildCountMean,lengthMean,flesch_kincaid_Mean,smog_Mean
2012,4,0.0,6083.5,12.359508990000002,11.2974753625
2013,4,0.0,5373.0,11.748771994999998,7.44155653
2014,3,0.0,5971.666666666667,12.232120396666666,9.922075373333334
2015,2,0.0,7169.0,13.198817199999999,14.88311306
2016,7,0.14285714285714285,2593.9999997142854,12.758841441428572,2.092773077142857
2011,3,0.0,5503.666666666667,10.958397283333333,5.15668081
2017,5,0.0,3982.0,12.72495484,14.836745959999998
2018,2,0.0,6727.0,13.43158308,14.83674596
2019,1,0.0,6754.0,13.13599243,14.88311306
