year,GroupedRows,ChildCountMean,lengthMean,flesch_kincaid_Mean,smog_Mean
2016,1,0.0,8569.0,13.75665084,14.7901945
2017,1,0.0,8569.0,13.75665084,14.7901945
