year,GroupedRows,ChildCountMean,lengthMean,flesch_kincaid_Mean,smog_Mean
2007,1,1.0,11679.0,12.82603977,14.06817629
2008,2,1.0,16240.0,14.16332731,15.61771354
2013,1,0.0,2261.0,14.15921569,
