year,GroupedRows,ChildCountMean,lengthMean,flesch_kincaid_Mean,smog_Mean
0.0,1,0.0,4469.0,13.88985007,
0.0,2,0.0,4456.0,13.88985007,
0.0,3,0.0,4736.333333,13.14211083,13.2950065
0.0,4,0.0,4882.0,12.76824121,13.2950065
0.0,2,0.0,4088.0,14.05477119,
0.0,5,0.0,4043.8,12.76824121,13.2950065
0.0,5,0.0,3254.6,13.19708453,13.2950065
0.0,3,0.0,2285.0,14.05477119,
0.0,1,0.0,4089.0,14.05477119,
0.0,2,0.0,4089.0,14.05477119,
