year,GroupedRows,ChildCountMean,lengthMean,flesch_kincaid_Mean,smog_Mean
2013,2,0.0,1951.0,11.77708333,
2014,2,0.0,1918.0,13.69445293,
2015,2,0.0,1924.5,13.69445293,
2016,2,0.0,1931.0,13.69445293,
2017,2,0.0,1923.0,13.51430025,
2018,2,0.0,1915.0,13.33414758,
2019,2,0.0,1915.0,13.33414758,
