year,GroupedRows,ChildCountMean,lengthMean,flesch_kincaid_Mean,smog_Mean
2011,3,1.0,7199.0,12.670534,14.7901945
2012,4,1.0,7199.0,12.670534,14.7901945
2013,7,0.42857142857142855,5492.428571,12.35962617,14.06161363
2014,7,0.5714285714285714,6018.714286,12.16784461,14.18304378
2015,6,0.5,5589.5,12.71291626,14.33483146
2016,5,0.6,6014.2,12.32937924,14.33483146
2017,6,0.6666666666666666,5970.0,13.11838538,14.7901945
2018,5,0.6,8706.2,13.78605558,15.56316369
2019,3,0.3333333333333333,8785.666667,12.77482617,14.40824814
