year,GroupedRows,ChildCountMean,lengthMean,flesch_kincaid_Mean,smog_Mean
1.0,3,1.0,7199.0,12.670534,14.7901945
1.0,4,1.0,7199.0,12.670534,14.7901945
0.42857142857142855,7,0.42857142857142855,5492.428571,12.35962617,14.06161363
0.5714285714285714,7,0.5714285714285714,6018.714286,12.16784461,14.18304378
0.5,6,0.5,5589.5,12.71291626,14.33483146
0.6,5,0.6,6014.2,12.32937924,14.33483146
0.6666666666666666,6,0.6666666666666666,5970.0,13.11838538,14.7901945
0.6,5,0.6,8706.2,13.78605558,15.56316369
0.3333333333333333,3,0.3333333333333333,8785.666667,12.77482617,14.40824814
