year,GroupedRows,ChildCountMean,lengthMean,flesch_kincaid_Mean,smog_Mean
2005,2,0.0,6891.0,11.49793555,14.36255379
2006,1,0.0,6891.0,11.49793555,14.36255379
