year,GroupedRows,ChildCountMean,lengthMean,flesch_kincaid_Mean,smog_Mean
2016,1,1.0,17657.0,14.15146433,13.76565471
2019,1,1.0,17519.0,14.15792366,13.76565471
