year,GroupedRows,ChildCountMean,lengthMean,flesch_kincaid_Mean,smog_Mean
2001,1,0.0,2485.0,10.74694099,
2002,1,0.0,2485.0,10.74694099,
2015,1,0.0,8563.0,9.449446565,13.2950065
2016,2,0.0,8520.0,9.448844203,13.2950065
