year,GroupedRows,ChildCountMean,lengthMean,flesch_kincaid_Mean,smog_Mean
0.0,2,0.0,1361.5,9.758737112999999,
1.0,1,1.0,5546.0,14.32466362,
1.0,2,1.0,5546.0,14.32466362,
1.0,2,1.0,5440.5,14.12562793,
1.0,2,1.0,5363.0,14.01368589,
1.0,2,1.0,5415.0,13.982658800000001,
1.0,1,1.0,5467.0,13.951631699999998,
1.0,2,1.0,5474.0,13.94384642,
1.0,2,1.0,5481.0,13.93606113,
