year,GroupedRows,ChildCountMean,lengthMean,flesch_kincaid_Mean,smog_Mean
2015,3,0.6666666666666666,4866.333333333333,13.568092053333332,15.458207973333332
2016,6,0.6666666666666666,8677.833333333334,13.962287093333332,15.896742973333332
2017,4,0.5,10575.25,13.08540936,15.501064459999998
2018,3,0.6666666666666666,12832.333333333334,13.430551213333333,15.815787166666667
2013,1,1.0,4950.0,14.06017554,15.55787943
2014,1,1.0,5022.0,14.34701425,16.0302975
2019,2,1.0,17317.0,14.12470015,16.44523258
