year,GroupedRows,ChildCountMean,lengthMean,flesch_kincaid_Mean,smog_Mean
0.0,2,0.0,4141.0,11.74447243,
0.0,2,0.0,4343.0,11.49404574,13.50681897
0.0,2,0.0,4545.0,11.24361905,13.50681897
