year,GroupedRows,ChildCountMean,lengthMean,flesch_kincaid_Mean,smog_Mean
2003,2,0.0,2630.0,8.722942879,11.88651915
2011,1,0.0,10207.0,10.68538071,13.07868587
2012,2,0.0,10207.0,10.68538071,13.07868587
2013,2,0.0,10162.0,10.63432825,13.07868587
2014,2,0.0,10168.0,10.86019943,13.12372645
2015,2,0.0,10109.0,11.72866877,14.88311306
2016,2,0.0,10011.0,11.53640351,14.7901945
2018,1,1.0,17705.0,14.41067015,15.81774264
2019,1,1.0,17703.0,14.43091503,15.90318901
